-5.000000000000000000e-01,2.747236490249633789e+00,4.649104118347167969e+00
-4.989989995956420898e-01,2.747043371200561523e+00,4.633658885955810547e+00
-4.979979991912841797e-01,2.746850490570068359e+00,4.618221759796142578e+00
-4.969969987869262695e-01,2.746658563613891602e+00,4.602793216705322266e+00
-4.959959983825683594e-01,2.746466636657714844e+00,4.587374687194824219e+00
-4.949949979782104492e-01,2.746275424957275391e+00,4.571963787078857422e+00
-4.939939975738525391e-01,2.746084213256835938e+00,4.556562423706054688e+00
-4.929929971694946289e-01,2.745893716812133789e+00,4.541170120239257812e+00
-4.919919967651367188e-01,2.745703220367431641e+00,4.525788307189941406e+00
-4.909909963607788086e-01,2.745513439178466797e+00,4.510414600372314453e+00
-4.899899959564208984e-01,2.745324134826660156e+00,4.495050907135009766e+00
-4.889889955520629883e-01,2.745135068893432617e+00,4.479695796966552734e+00
-4.879879951477050781e-01,2.744946718215942383e+00,4.464351654052734375e+00
-4.869869947433471680e-01,2.744758367538452148e+00,4.449017047882080078e+00
-4.859859943389892578e-01,2.744570255279541016e+00,4.433691501617431641e+00
-4.849849939346313477e-01,2.744383335113525391e+00,4.418376445770263672e+00
-4.839839935302734375e-01,2.744195938110351562e+00,4.403072357177734375e+00
-4.829829931259155273e-01,2.744009256362915039e+00,4.387776851654052734e+00
-4.819819927215576172e-01,2.743823051452636719e+00,4.372492313385009766e+00
-4.809809923171997070e-01,2.743637084960937500e+00,4.357218742370605469e+00
-4.799799919128417969e-01,2.743451833724975586e+00,4.341954708099365234e+00
-4.789789915084838867e-01,2.743267059326171875e+00,4.326701641082763672e+00
-4.779779911041259766e-01,2.743082046508789062e+00,4.311458587646484375e+00
-4.769769906997680664e-01,2.742898225784301758e+00,4.296227455139160156e+00
-4.759759902954101562e-01,2.742714405059814453e+00,4.281006336212158203e+00
-4.749749898910522461e-01,2.742530822753906250e+00,4.265795707702636719e+00
-4.739739894866943359e-01,2.742347717285156250e+00,4.250597000122070312e+00
-4.729729890823364258e-01,2.742165088653564453e+00,4.235409736633300781e+00
-4.719719886779785156e-01,2.741982936859130859e+00,4.220232963562011719e+00
-4.709709882736206055e-01,2.741801023483276367e+00,4.205067157745361328e+00
-4.699699878692626953e-01,2.741619586944580078e+00,4.189913749694824219e+00
-4.689689874649047852e-01,2.741438865661621094e+00,4.174771308898925781e+00
-4.679679572582244873e-01,2.741258144378662109e+00,4.159639835357666016e+00
-4.669669568538665771e-01,2.741077899932861328e+00,4.144521236419677734e+00
-4.659659564495086670e-01,2.740898132324218750e+00,4.129414081573486328e+00
-4.649649560451507568e-01,2.740718603134155273e+00,4.114318847656250000e+00
-4.639639556407928467e-01,2.740539550781250000e+00,4.099235534667968750e+00
-4.629629552364349365e-01,2.740360975265502930e+00,4.084165096282958984e+00
-4.619619548320770264e-01,2.740182638168334961e+00,4.069106101989746094e+00
-4.609609544277191162e-01,2.740005016326904297e+00,4.054059505462646484e+00
-4.599599540233612061e-01,2.739827632904052734e+00,4.039025783538818359e+00
-4.589589536190032959e-01,2.739650487899780273e+00,4.024003982543945312e+00
-4.579579532146453857e-01,2.739473819732666016e+00,4.008995056152343750e+00
-4.569569528102874756e-01,2.739297866821289062e+00,3.993999242782592773e+00
-4.559559524059295654e-01,2.739121913909912109e+00,3.979015588760375977e+00
-4.549549520015716553e-01,2.738946676254272461e+00,3.964045524597167969e+00
-4.539539515972137451e-01,2.738771677017211914e+00,3.949088811874389648e+00
-4.529529511928558350e-01,2.738596916198730469e+00,3.934144020080566406e+00
-4.519519507884979248e-01,2.738422870635986328e+00,3.919213294982910156e+00
-4.509509503841400146e-01,2.738249063491821289e+00,3.904295921325683594e+00
-4.499499499797821045e-01,2.738075733184814453e+00,3.889391660690307617e+00
-4.489489495754241943e-01,2.737902641296386719e+00,3.874500751495361328e+00
-4.479479491710662842e-01,2.737730026245117188e+00,3.859624147415161133e+00
-4.469469487667083740e-01,2.737557888031005859e+00,3.844761133193969727e+00
-4.459459483623504639e-01,2.737385988235473633e+00,3.829911708831787109e+00
-4.449449479579925537e-01,2.737214565277099609e+00,3.815076351165771484e+00
-4.439439475536346436e-01,2.737043619155883789e+00,3.800255775451660156e+00
-4.429429471492767334e-01,2.736873149871826172e+00,3.785448551177978516e+00
-4.419419467449188232e-01,2.736702919006347656e+00,3.770655632019042969e+00
-4.409409463405609131e-01,2.736533164978027344e+00,3.755877494812011719e+00
-4.399399459362030029e-01,2.736363649368286133e+00,3.741113662719726562e+00
-4.389389455318450928e-01,2.736194849014282227e+00,3.726364374160766602e+00
-4.379379451274871826e-01,2.736026287078857422e+00,3.711629867553710938e+00
-4.369369447231292725e-01,2.735857963562011719e+00,3.696909427642822266e+00
-4.359359443187713623e-01,2.735690355300903320e+00,3.682204723358154297e+00
-4.349349439144134521e-01,2.735522747039794922e+00,3.667514801025390625e+00
-4.339339435100555420e-01,2.735355854034423828e+00,3.652840137481689453e+00
-4.329329431056976318e-01,2.735189199447631836e+00,3.638180732727050781e+00
-4.319319427013397217e-01,2.735023021697998047e+00,3.623536825180053711e+00
-4.309309422969818115e-01,2.734857082366943359e+00,3.608907699584960938e+00
-4.299299418926239014e-01,2.734691858291625977e+00,3.594294786453247070e+00
-4.289289414882659912e-01,2.734527111053466797e+00,3.579697132110595703e+00
-4.279279410839080811e-01,2.734362363815307617e+00,3.565114974975585938e+00
-4.269269406795501709e-01,2.734198093414306641e+00,3.550549030303955078e+00
-4.259259402751922607e-01,2.734034538269042969e+00,3.535999298095703125e+00
-4.249249398708343506e-01,2.733870983123779297e+00,3.521465063095092773e+00
-4.239239394664764404e-01,2.733707904815673828e+00,3.506947040557861328e+00
-4.229229390621185303e-01,2.733545303344726562e+00,3.492445468902587891e+00
-4.219219386577606201e-01,2.733383178710937500e+00,3.477960586547851562e+00
-4.209209382534027100e-01,2.733221530914306641e+00,3.463491439819335938e+00
-4.199199080467224121e-01,2.733060359954833984e+00,3.449039459228515625e+00
-4.189189076423645020e-01,2.732899188995361328e+00,3.434603691101074219e+00
-4.179179072380065918e-01,2.732738733291625977e+00,3.420185565948486328e+00
-4.169169068336486816e-01,2.732578516006469727e+00,3.405783653259277344e+00
-4.159159064292907715e-01,2.732418537139892578e+00,3.391399383544921875e+00
-4.149149060249328613e-01,2.732259273529052734e+00,3.377031564712524414e+00
-4.139139056205749512e-01,2.732100486755371094e+00,3.362681150436401367e+00
-4.129129052162170410e-01,2.731941938400268555e+00,3.348348379135131836e+00
-4.119119048118591309e-01,2.731783390045166016e+00,3.334032773971557617e+00
-4.109109044075012207e-01,2.731625795364379883e+00,3.319734811782836914e+00
-4.099099040031433105e-01,2.731468677520751953e+00,3.305454969406127930e+00
-4.089089035987854004e-01,2.731311559677124023e+00,3.291192293167114258e+00
-4.079079031944274902e-01,2.731154918670654297e+00,3.276947736740112305e+00
-4.069069027900695801e-01,2.730998754501342773e+00,3.262721300125122070e+00
-4.059059023857116699e-01,2.730843067169189453e+00,3.248512744903564453e+00
-4.049049019813537598e-01,2.730687618255615234e+00,3.234322309494018555e+00
-4.039039015769958496e-01,2.730532646179199219e+00,3.220150470733642578e+00
-4.029029011726379395e-01,2.730377912521362305e+00,3.205996751785278320e+00
-4.019019007682800293e-01,2.730224132537841797e+00,3.191861867904663086e+00
-4.009009003639221191e-01,2.730070114135742188e+00,3.177745342254638672e+00
-3.998998999595642090e-01,2.729916810989379883e+00,3.163647890090942383e+00
-3.988988995552062988e-01,2.729763984680175781e+00,3.149569034576416016e+00
-3.978978991508483887e-01,2.729611396789550781e+00,3.135509252548217773e+00
-3.968968987464904785e-01,2.729459285736083984e+00,3.121469020843505859e+00
-3.958958983421325684e-01,2.729307651519775391e+00,3.107447147369384766e+00
-3.948948979377746582e-01,2.729156017303466797e+00,3.093444824218750000e+00
-3.938938975334167480e-01,2.729005098342895508e+00,3.079462051391601562e+00
-3.928928971290588379e-01,2.728854656219482422e+00,3.065498590469360352e+00
-3.918918967247009277e-01,2.728704690933227539e+00,3.051555395126342773e+00
-3.908908963203430176e-01,2.728554487228393555e+00,3.037630796432495117e+00
-3.898898959159851074e-01,2.728405237197875977e+00,3.023726940155029297e+00
-3.888888955116271973e-01,2.728256464004516602e+00,3.009842872619628906e+00
-3.878878951072692871e-01,2.728107929229736328e+00,2.995978593826293945e+00
-3.868868947029113770e-01,2.727959632873535156e+00,2.982134342193603516e+00
-3.858858942985534668e-01,2.727812051773071289e+00,2.968311309814453125e+00
-3.848848938941955566e-01,2.727664470672607422e+00,2.954507589340209961e+00
-3.838838934898376465e-01,2.727517604827880859e+00,2.940724849700927734e+00
-3.828828930854797363e-01,2.727371215820312500e+00,2.926963090896606445e+00
-3.818818926811218262e-01,2.727225065231323242e+00,2.913221120834350586e+00
-3.808808922767639160e-01,2.727079153060913086e+00,2.899500846862792969e+00
-3.798798918724060059e-01,2.726933956146240234e+00,2.885800838470458984e+00
-3.788788914680480957e-01,2.726788997650146484e+00,2.872122049331665039e+00
-3.778778910636901855e-01,2.726644277572631836e+00,2.858464717864990234e+00
-3.768768906593322754e-01,2.726500272750854492e+00,2.844828367233276367e+00
-3.758758902549743652e-01,2.726356506347656250e+00,2.831213712692260742e+00
-3.748748898506164551e-01,2.726213216781616211e+00,2.817620515823364258e+00
-3.738738894462585449e-01,2.726070404052734375e+00,2.804048776626586914e+00
-3.728728890419006348e-01,2.725927829742431641e+00,2.790498733520507812e+00
-3.718718886375427246e-01,2.725785732269287109e+00,2.776970386505126953e+00
-3.708708882331848145e-01,2.725643873214721680e+00,2.763464212417602539e+00
-3.698698878288269043e-01,2.725502490997314453e+00,2.749979972839355469e+00
-3.688688874244689941e-01,2.725361824035644531e+00,2.736517906188964844e+00
-3.678678870201110840e-01,2.725221157073974609e+00,2.723078250885009766e+00
-3.668668866157531738e-01,2.725080966949462891e+00,2.709660530090332031e+00
-3.658658862113952637e-01,2.724941253662109375e+00,2.696265459060668945e+00
-3.648648858070373535e-01,2.724802017211914062e+00,2.682893276214599609e+00
-3.638638556003570557e-01,2.724663019180297852e+00,2.669543266296386719e+00
-3.628628551959991455e-01,2.724524259567260742e+00,2.656216144561767578e+00
-3.618618547916412354e-01,2.724386215209960938e+00,2.642912387847900391e+00
-3.608608543872833252e-01,2.724248647689819336e+00,2.629631519317626953e+00
-3.598598539829254150e-01,2.724111080169677734e+00,2.616373777389526367e+00
-3.588588535785675049e-01,2.723974704742431641e+00,2.603139162063598633e+00
-3.578578531742095947e-01,2.723837852478027344e+00,2.589927911758422852e+00
-3.568568527698516846e-01,2.723701715469360352e+00,2.576740264892578125e+00
-3.558558523654937744e-01,2.723566055297851562e+00,2.563576459884643555e+00
-3.548548519611358643e-01,2.723430633544921875e+00,2.550436019897460938e+00
-3.538538515567779541e-01,2.723295688629150391e+00,2.537319660186767578e+00
-3.528528511524200439e-01,2.723161220550537109e+00,2.524226903915405273e+00
-3.518518507480621338e-01,2.723027229309082031e+00,2.511158466339111328e+00
-3.508508503437042236e-01,2.722893238067626953e+00,2.498114109039306641e+00
-3.498498499393463135e-01,2.722759962081909180e+00,2.485094070434570312e+00
-3.488488495349884033e-01,2.722627162933349609e+00,2.472098112106323242e+00
-3.478478491306304932e-01,2.722494602203369141e+00,2.459126949310302734e+00
-3.468468487262725830e-01,2.722362518310546875e+00,2.446180105209350586e+00
-3.458458483219146729e-01,2.722230672836303711e+00,2.433258056640625000e+00
-3.448448479175567627e-01,2.722099781036376953e+00,2.420360565185546875e+00
-3.438438475131988525e-01,2.721968650817871094e+00,2.407488584518432617e+00
-3.428428471088409424e-01,2.721838235855102539e+00,2.394641160964965820e+00
-3.418418467044830322e-01,2.721707820892333984e+00,2.381819009780883789e+00
-3.408408463001251221e-01,2.721578359603881836e+00,2.369022130966186523e+00
-3.398398458957672119e-01,2.721448898315429688e+00,2.356250524520874023e+00
-3.388388454914093018e-01,2.721319913864135742e+00,2.343504428863525391e+00
-3.378378450870513916e-01,2.721191644668579102e+00,2.330784320831298828e+00
-3.368368446826934814e-01,2.721063137054443359e+00,2.318089246749877930e+00
-3.358358442783355713e-01,2.720935821533203125e+00,2.305420160293579102e+00
-3.348348438739776611e-01,2.720808506011962891e+00,2.292777538299560547e+00
-3.338338434696197510e-01,2.720681428909301758e+00,2.280160427093505859e+00
-3.328328430652618408e-01,2.720554828643798828e+00,2.267569303512573242e+00
-3.318318426609039307e-01,2.720428943634033203e+00,2.255005121231079102e+00
-3.308308422565460205e-01,2.720303297042846680e+00,2.242466688156127930e+00
-3.298298418521881104e-01,2.720178127288818359e+00,2.229954719543457031e+00
-3.288288414478302002e-01,2.720053195953369141e+00,2.217469930648803711e+00
-3.278278410434722900e-01,2.719928264617919922e+00,2.205011367797851562e+00
-3.268268406391143799e-01,2.719804286956787109e+00,2.192579746246337891e+00
-3.258258402347564697e-01,2.719680786132812500e+00,2.180174827575683594e+00
-3.248248398303985596e-01,2.719557523727416992e+00,2.167796850204467773e+00
-3.238238394260406494e-01,2.719434499740600586e+00,2.155446529388427734e+00
-3.228228390216827393e-01,2.719312191009521484e+00,2.143123149871826172e+00
-3.218218386173248291e-01,2.719189882278442383e+00,2.130826950073242188e+00
-3.208208382129669189e-01,2.719068288803100586e+00,2.118558168411254883e+00
-3.198198378086090088e-01,2.718946933746337891e+00,2.106317281723022461e+00
-3.188188374042510986e-01,2.718826293945312500e+00,2.094104051589965820e+00
-3.178178369998931885e-01,2.718705654144287109e+00,2.081918716430664062e+00
-3.168168365955352783e-01,2.718585491180419922e+00,2.069760799407958984e+00
-3.158158063888549805e-01,2.718465805053710938e+00,2.057630538940429688e+00
-3.148148059844970703e-01,2.718346595764160156e+00,2.045529365539550781e+00
-3.138138055801391602e-01,2.718227863311767578e+00,2.033456087112426758e+00
-3.128128051757812500e-01,2.718109130859375000e+00,2.021411418914794922e+00
-3.118118047714233398e-01,2.717991113662719727e+00,2.009394884109497070e+00
-3.108108043670654297e-01,2.717873334884643555e+00,1.997406721115112305e+00
-3.098098039627075195e-01,2.717756032943725586e+00,1.985447764396667480e+00
-3.088088035583496094e-01,2.717639446258544922e+00,1.973517179489135742e+00
-3.078078031539916992e-01,2.717522859573364258e+00,1.961615443229675293e+00
-3.068068027496337891e-01,2.717406749725341797e+00,1.949742794036865234e+00
-3.058058023452758789e-01,2.717291116714477539e+00,1.937899470329284668e+00
-3.048048019409179688e-01,2.717175722122192383e+00,1.926085114479064941e+00
-3.038038015365600586e-01,2.717060804367065430e+00,1.914300084114074707e+00
-3.028028011322021484e-01,2.716946125030517578e+00,1.902544498443603516e+00
-3.018018007278442383e-01,2.716832399368286133e+00,1.890818595886230469e+00
-3.008008003234863281e-01,2.716718673706054688e+00,1.879122376441955566e+00
-2.997997999191284180e-01,2.716605424880981445e+00,1.867455840110778809e+00
-2.987987995147705078e-01,2.716492414474487305e+00,1.855818986892700195e+00
-2.977977991104125977e-01,2.716379880905151367e+00,1.844212532043457031e+00
-2.967967987060546875e-01,2.716268062591552734e+00,1.832635521888732910e+00
-2.957957983016967773e-01,2.716156482696533203e+00,1.821089148521423340e+00
-2.947947978973388672e-01,2.716044902801513672e+00,1.809572935104370117e+00
-2.937937974929809570e-01,2.715934038162231445e+00,1.798087239265441895e+00
-2.927927970886230469e-01,2.715823650360107422e+00,1.786631941795349121e+00
-2.917917966842651367e-01,2.715713739395141602e+00,1.775207400321960449e+00
-2.907907962799072266e-01,2.715603828430175781e+00,1.763813138008117676e+00
-2.897897958755493164e-01,2.715494632720947266e+00,1.752450346946716309e+00
-2.887887954711914062e-01,2.715385913848876953e+00,1.741118073463439941e+00
-2.877877950668334961e-01,2.715277194976806641e+00,1.729817032814025879e+00
-2.867867946624755859e-01,2.715169191360473633e+00,1.718546986579895020e+00
-2.857857942581176758e-01,2.715061426162719727e+00,1.707308411598205566e+00
-2.847847938537597656e-01,2.714954376220703125e+00,1.696100950241088867e+00
-2.837837934494018555e-01,2.714847326278686523e+00,1.684925198554992676e+00
-2.827827930450439453e-01,2.714740991592407227e+00,1.673780918121337891e+00
-2.817817926406860352e-01,2.714634656906127930e+00,1.662668347358703613e+00
-2.807807922363281250e-01,2.714529514312744141e+00,1.651587367057800293e+00
-2.797797918319702148e-01,2.714423894882202148e+00,1.640538454055786133e+00
-2.787787914276123047e-01,2.714319229125976562e+00,1.629521846771240234e+00
-2.777777910232543945e-01,2.714214801788330078e+00,1.618536591529846191e+00
-2.767767906188964844e-01,2.714110612869262695e+00,1.607583999633789062e+00
-2.757757902145385742e-01,2.714006900787353516e+00,1.596663951873779297e+00
-2.747747898101806641e-01,2.713903903961181641e+00,1.585776090621948242e+00
-2.737737894058227539e-01,2.713800907135009766e+00,1.574920535087585449e+00
-2.727727890014648438e-01,2.713698387145996094e+00,1.564097762107849121e+00
-2.717717885971069336e-01,2.713596105575561523e+00,1.553308010101318359e+00
-2.707707881927490234e-01,2.713494777679443359e+00,1.542550802230834961e+00
-2.697697877883911133e-01,2.713393449783325195e+00,1.531826615333557129e+00
-2.687687873840332031e-01,2.713292598724365234e+00,1.521135449409484863e+00
-2.677677571773529053e-01,2.713192224502563477e+00,1.510477185249328613e+00
-2.667667567729949951e-01,2.713092088699340820e+00,1.499852418899536133e+00
-2.657657563686370850e-01,2.712992429733276367e+00,1.489261150360107422e+00
-2.647647559642791748e-01,2.712893247604370117e+00,1.478703141212463379e+00
-2.637637555599212646e-01,2.712794542312622070e+00,1.468178868293762207e+00
-2.627627551555633545e-01,2.712695837020874023e+00,1.457688331604003906e+00
-2.617617547512054443e-01,2.712597846984863281e+00,1.447231411933898926e+00
-2.607607543468475342e-01,2.712500333786010742e+00,1.436808347702026367e+00
-2.597597539424896240e-01,2.712402820587158203e+00,1.426419138908386230e+00
-2.587587535381317139e-01,2.712306261062622070e+00,1.416064262390136719e+00
-2.577577531337738037e-01,2.712209463119506836e+00,1.405743598937988281e+00
-2.567567527294158936e-01,2.712113618850708008e+00,1.395456910133361816e+00
-2.557557523250579834e-01,2.712018013000488281e+00,1.385204911231994629e+00
-2.547547519207000732e-01,2.711922883987426758e+00,1.374987363815307617e+00
-2.537537515163421631e-01,2.711827754974365234e+00,1.364804148674011230e+00
-2.527527511119842529e-01,2.711733341217041016e+00,1.354655861854553223e+00
-2.517517507076263428e-01,2.711639404296875000e+00,1.344542384147644043e+00
-2.507507503032684326e-01,2.711545705795288086e+00,1.334463596343994141e+00
-2.497497498989105225e-01,2.711452484130859375e+00,1.324419975280761719e+00
-2.487487494945526123e-01,2.711359739303588867e+00,1.314411163330078125e+00
-2.477477490901947021e-01,2.711267232894897461e+00,1.304437756538391113e+00
-2.467467486858367920e-01,2.711175203323364258e+00,1.294499754905700684e+00
-2.457457482814788818e-01,2.711083889007568359e+00,1.284597039222717285e+00
-2.447447478771209717e-01,2.710992336273193359e+00,1.274729728698730469e+00
-2.437437474727630615e-01,2.710901737213134766e+00,1.264897942543029785e+00
-2.427427470684051514e-01,2.710811138153076172e+00,1.255102038383483887e+00
-2.417417466640472412e-01,2.710721254348754883e+00,1.245341777801513672e+00
-2.407407462596893311e-01,2.710631608963012695e+00,1.235617518424987793e+00
-2.397397458553314209e-01,2.710542201995849609e+00,1.225929141044616699e+00
-2.387387454509735107e-01,2.710453510284423828e+00,1.216276884078979492e+00
-2.377377450466156006e-01,2.710364818572998047e+00,1.206660628318786621e+00
-2.367367446422576904e-01,2.710277080535888672e+00,1.197080850601196289e+00
-2.357357442378997803e-01,2.710189342498779297e+00,1.187537431716918945e+00
-2.347347438335418701e-01,2.710102081298828125e+00,1.178030371665954590e+00
-2.337337434291839600e-01,2.710015296936035156e+00,1.168560028076171875e+00
-2.327327430248260498e-01,2.709928989410400391e+00,1.159126281738281250e+00
-2.317317426204681396e-01,2.709842920303344727e+00,1.149729251861572266e+00
-2.307307422161102295e-01,2.709757328033447266e+00,1.140369057655334473e+00
-2.297297418117523193e-01,2.709672212600708008e+00,1.131045818328857422e+00
-2.287287414073944092e-01,2.709587335586547852e+00,1.121759653091430664e+00
-2.277277261018753052e-01,2.709502696990966797e+00,1.112510561943054199e+00
-2.267267256975173950e-01,2.709418773651123047e+00,1.103298664093017578e+00
-2.257257252931594849e-01,2.709335088729858398e+00,1.094124078750610352e+00
-2.247247248888015747e-01,2.709251880645751953e+00,1.084987163543701172e+00
-2.237237244844436646e-01,2.709168910980224609e+00,1.075887560844421387e+00
-2.227227240800857544e-01,2.709086894989013672e+00,1.066825509071350098e+00
-2.217217236757278442e-01,2.709004878997802734e+00,1.057801365852355957e+00
-2.207207232713699341e-01,2.708922863006591797e+00,1.048814654350280762e+00
-2.197197228670120239e-01,2.708841800689697266e+00,1.039866209030151367e+00
-2.187187224626541138e-01,2.708760976791381836e+00,1.030955553054809570e+00
-2.177177220582962036e-01,2.708680629730224609e+00,1.022083044052124023e+00
-2.167167216539382935e-01,2.708600521087646484e+00,1.013248682022094727e+00
-2.157157212495803833e-01,2.708521127700805664e+00,1.004452466964721680e+00
-2.147147208452224731e-01,2.708441972732543945e+00,9.956947565078735352e-01
-2.137137204408645630e-01,2.708363056182861328e+00,9.869755506515502930e-01
-2.127127200365066528e-01,2.708284616470336914e+00,9.782946109771728516e-01
-2.117117196321487427e-01,2.708206653594970703e+00,9.696523547172546387e-01
-2.107107192277908325e-01,2.708128929138183594e+00,9.610490202903747559e-01
-2.097097188234329224e-01,2.708051919937133789e+00,9.524841308593750000e-01
-2.087087184190750122e-01,2.707974910736083984e+00,9.439584016799926758e-01
-2.077077180147171021e-01,2.707898616790771484e+00,9.354715943336486816e-01
-2.067067176103591919e-01,2.707822561264038086e+00,9.270237684249877930e-01
-2.057057172060012817e-01,2.707746982574462891e+00,9.186151623725891113e-01
-2.047047168016433716e-01,2.707671880722045898e+00,9.102457165718078613e-01
-2.037037014961242676e-01,2.707597255706787109e+00,9.019156098365783691e-01
-2.027027010917663574e-01,2.707522630691528320e+00,8.936249613761901855e-01
-2.017017006874084473e-01,2.707448720932006836e+00,8.853738903999328613e-01
-2.007007002830505371e-01,2.707375049591064453e+00,8.771623373031616211e-01
-1.996996998786926270e-01,2.707301855087280273e+00,8.689906001091003418e-01
-1.986986994743347168e-01,2.707228899002075195e+00,8.608583807945251465e-01
-1.976976990699768066e-01,2.707156658172607422e+00,8.527660965919494629e-01
-1.966966986656188965e-01,2.707084655761718750e+00,8.447138071060180664e-01
-1.956956982612609863e-01,2.707013130187988281e+00,8.367014527320861816e-01
-1.946946978569030762e-01,2.706941843032836914e+00,8.287293314933776855e-01
-1.936936974525451660e-01,2.706871032714843750e+00,8.207973241806030273e-01
-1.926926970481872559e-01,2.706800699234008789e+00,8.129056692123413086e-01
-1.916916966438293457e-01,2.706730604171752930e+00,8.050543069839477539e-01
-1.906906962394714355e-01,2.706660985946655273e+00,7.972432971000671387e-01
-1.896896958351135254e-01,2.706592082977294922e+00,7.894729375839233398e-01
-1.886886954307556152e-01,2.706522941589355469e+00,7.817431092262268066e-01
-1.876876950263977051e-01,2.706454753875732422e+00,7.740540504455566406e-01
-1.866866946220397949e-01,2.706386566162109375e+00,7.664056420326232910e-01
-1.856856942176818848e-01,2.706319332122802734e+00,7.587982416152954102e-01
-1.846846938133239746e-01,2.706251859664916992e+00,7.512317299842834473e-01
-1.836836934089660645e-01,2.706185102462768555e+00,7.437062859535217285e-01
-1.826826930046081543e-01,2.706118822097778320e+00,7.362217903137207031e-01
-1.816816926002502441e-01,2.706053018569946289e+00,7.287785410881042480e-01
-1.806806921958923340e-01,2.705987215042114258e+00,7.213765382766723633e-01
-1.796796917915344238e-01,2.705922126770019531e+00,7.140158414840698242e-01
-1.786786913871765137e-01,2.705857276916503906e+00,7.066967487335205078e-01
-1.776776909828186035e-01,2.705792903900146484e+00,6.994190216064453125e-01
-1.766766905784606934e-01,2.705729007720947266e+00,6.921828389167785645e-01
-1.756756901741027832e-01,2.705665349960327148e+00,6.849882602691650391e-01
-1.746746897697448730e-01,2.705602169036865234e+00,6.778355836868286133e-01
-1.736736893653869629e-01,2.705539464950561523e+00,6.707246303558349609e-01
-1.726726889610290527e-01,2.705477237701416016e+00,6.636555194854736328e-01
-1.716716736555099487e-01,2.705415010452270508e+00,6.566283106803894043e-01
-1.706706732511520386e-01,2.705353260040283203e+00,6.496432423591613770e-01
-1.696696728467941284e-01,2.705292224884033203e+00,6.427003145217895508e-01
-1.686686724424362183e-01,2.705231428146362305e+00,6.357994675636291504e-01
-1.676676720380783081e-01,2.705171108245849609e+00,6.289409399032592773e-01
-1.666666716337203979e-01,2.705111265182495117e+00,6.221247911453247070e-01
-1.656656712293624878e-01,2.705051660537719727e+00,6.153509616851806641e-01
-1.646646708250045776e-01,2.704992532730102539e+00,6.086196899414062500e-01
-1.636636704206466675e-01,2.704933643341064453e+00,6.019310951232910156e-01
-1.626626700162887573e-01,2.704875469207763672e+00,5.952850580215454102e-01
-1.616616696119308472e-01,2.704817295074462891e+00,5.886816382408142090e-01
-1.606606692075729370e-01,2.704760074615478516e+00,5.821210145950317383e-01
-1.596596688032150269e-01,2.704702615737915039e+00,5.756032466888427734e-01
-1.586586683988571167e-01,2.704645872116088867e+00,5.691284537315368652e-01
-1.576576679944992065e-01,2.704589366912841797e+00,5.626965165138244629e-01
-1.566566675901412964e-01,2.704533576965332031e+00,5.563078522682189941e-01
-1.556556671857833862e-01,2.704478025436401367e+00,5.499621629714965820e-01
-1.546546667814254761e-01,2.704422712326049805e+00,5.436598658561706543e-01
-1.536536663770675659e-01,2.704368114471435547e+00,5.374006032943725586e-01
-1.526526659727096558e-01,1.784855127334594727e+00,5.311848521232604980e-01
-1.516516655683517456e-01,1.784795761108398438e+00,5.250123739242553711e-01
-1.506506651639938354e-01,1.784736990928649902e+00,5.188835263252258301e-01
-1.496496647596359253e-01,1.784678697586059570e+00,5.127981305122375488e-01
-1.486486643552780151e-01,1.784620881080627441e+00,5.067564249038696289e-01
-1.476476490497589111e-01,1.784563422203063965e+00,5.007581114768981934e-01
-1.466466486454010010e-01,1.784506440162658691e+00,4.948038160800933838e-01
-1.456456482410430908e-01,1.784449815750122070e+00,4.888933300971984863e-01
-1.446446478366851807e-01,1.784393668174743652e+00,4.830266535282135010e-01
-1.436436474323272705e-01,1.784337997436523438e+00,4.772039353847503662e-01
-1.426426470279693604e-01,1.784283041954040527e+00,4.714252352714538574e-01
-1.416416466236114502e-01,1.784228086471557617e+00,4.656906127929687500e-01
-1.406406462192535400e-01,1.784173965454101562e+00,4.600001275539398193e-01
-1.396396458148956299e-01,1.784120202064514160e+00,4.543538093566894531e-01
-1.386386454105377197e-01,1.784066796302795410e+00,4.487517774105072021e-01
-1.376376450061798096e-01,1.784013748168945312e+00,4.431940913200378418e-01
-1.366366446018218994e-01,1.783961296081542969e+00,4.376807808876037598e-01
-1.356356441974639893e-01,1.783909201622009277e+00,4.322118759155273438e-01
-1.346346437931060791e-01,1.783857703208923340e+00,4.267874956130981445e-01
-1.336336433887481689e-01,8.677002787590026855e-01,4.214076697826385498e-01
-1.326326429843902588e-01,8.676459193229675293e-01,4.160725474357604980e-01
-1.316316425800323486e-01,8.675921559333801270e-01,4.107820391654968262e-01
-1.306306421756744385e-01,8.675387501716613770e-01,4.055363237857818604e-01
-1.296296417713165283e-01,8.674858808517456055e-01,4.003354609012603760e-01
-1.286286413669586182e-01,8.674336671829223633e-01,3.951793909072875977e-01
-1.276276409626007080e-01,8.673817515373229980e-01,3.900682330131530762e-01
-1.266266405582427979e-01,8.673304319381713867e-01,3.850020766258239746e-01
-1.256256401538848877e-01,8.672796487808227539e-01,3.799810111522674561e-01
-1.246246322989463806e-01,8.672292828559875488e-01,3.750049173831939697e-01
-1.236236318945884705e-01,8.671793937683105469e-01,3.700740635395050049e-01
-1.226226314902305603e-01,8.671301007270812988e-01,3.651883602142333984e-01
-1.216216310858726501e-01,8.670812845230102539e-01,3.603479266166687012e-01
-1.206206306815147400e-01,8.670328855514526367e-01,3.555528819561004639e-01
-1.196196302771568298e-01,8.669851422309875488e-01,3.508031368255615234e-01
-1.186186298727989197e-01,8.669377565383911133e-01,3.460988402366638184e-01
-1.176176220178604126e-01,8.668909072875976562e-01,3.414399921894073486e-01
-1.166166216135025024e-01,8.668446540832519531e-01,3.368266522884368896e-01
-1.156156212091445923e-01,8.667987585067749023e-01,3.322589695453643799e-01
-1.146146208047866821e-01,8.667534589767456055e-01,3.277368843555450439e-01
-1.136136204004287720e-01,8.667086362838745117e-01,3.232604563236236572e-01
-1.126126199960708618e-01,8.666642904281616211e-01,3.188298344612121582e-01
-1.116116195917129517e-01,8.666204214096069336e-01,3.144448995590209961e-01
-1.106106191873550415e-01,8.665771484375000000e-01,3.101058602333068848e-01
-1.096096187829971313e-01,8.665343523025512695e-01,3.058127164840698242e-01
-1.086086109280586243e-01,8.664919734001159668e-01,3.015654087066650391e-01
-1.076076105237007141e-01,8.664501905441284180e-01,2.973641157150268555e-01
-1.066066101193428040e-01,8.664089441299438477e-01,2.932089567184448242e-01
-1.056056097149848938e-01,8.663681149482727051e-01,2.890997529029846191e-01
-1.046046093106269836e-01,8.663277626037597656e-01,2.850367724895477295e-01
-1.036036089062690735e-01,8.662878870964050293e-01,2.810198664665222168e-01
-1.026026085019111633e-01,8.662486076354980469e-01,2.770492136478424072e-01
-1.016016006469726562e-01,8.662098050117492676e-01,2.731247842311859131e-01
-1.006006002426147461e-01,8.661715388298034668e-01,2.692466974258422852e-01
-9.959960728883743286e-02,8.661336898803710938e-01,2.654149830341339111e-01
-9.859860688447952271e-02,8.660963773727416992e-01,2.616296410560607910e-01
-9.759760648012161255e-02,8.660596013069152832e-01,2.578906714916229248e-01
-9.659660607576370239e-02,8.660232424736022949e-01,2.541982829570770264e-01
-9.559560567140579224e-02,8.659874796867370605e-01,2.505523562431335449e-01
-9.459460526704788208e-02,8.659521937370300293e-01,2.469530254602432251e-01
-9.359359741210937500e-02,8.659173846244812012e-01,2.434002012014389038e-01
-9.259259700775146484e-02,8.658830523490905762e-01,2.398940920829772949e-01
-9.159159660339355469e-02,8.658491969108581543e-01,2.364346981048583984e-01
-9.059059619903564453e-02,8.658159375190734863e-01,2.330219894647598267e-01
-8.958959579467773438e-02,8.657830953598022461e-01,2.296559959650039673e-01
-8.858859539031982422e-02,8.657509088516235352e-01,2.263368964195251465e-01
-8.758759498596191406e-02,8.657190203666687012e-01,2.230646014213562012e-01
-8.658659458160400391e-02,8.656877279281616211e-01,2.198391854763031006e-01
-8.558559417724609375e-02,8.656569719314575195e-01,2.166606634855270386e-01
-8.458458632230758667e-02,8.656266331672668457e-01,2.135290801525115967e-01
-8.358359336853027344e-02,8.655968904495239258e-01,2.104445248842239380e-01
-8.258259296417236328e-02,8.655675649642944336e-01,2.074069678783416748e-01
-8.158159255981445312e-02,8.655387759208679199e-01,2.044164687395095825e-01
-8.058059215545654297e-02,8.655104637145996094e-01,2.014730572700500488e-01
-7.957959175109863281e-02,8.654826879501342773e-01,1.985767632722854614e-01
-7.857859134674072266e-02,8.654554486274719238e-01,1.957276761531829834e-01
-7.757759094238281250e-02,8.654286265373229980e-01,1.929257363080978394e-01
-7.657658308744430542e-02,8.654023408889770508e-01,1.901710182428359985e-01
-7.557558268308639526e-02,8.653765916824340820e-01,1.874635517597198486e-01
-7.457458227872848511e-02,8.653513193130493164e-01,1.848033815622329712e-01
-7.357358187437057495e-02,8.653265237808227539e-01,1.821905672550201416e-01
-7.257258147001266479e-02,8.653022050857543945e-01,1.796250492334365845e-01
-7.157158106565475464e-02,8.652784228324890137e-01,1.771069318056106567e-01
-7.057058066129684448e-02,8.652551770210266113e-01,1.746362149715423584e-01
-6.956957280635833740e-02,8.652323484420776367e-01,1.722129136323928833e-01
-6.856857240200042725e-02,8.652100563049316406e-01,1.698371022939682007e-01
-6.756757199764251709e-02,8.651883006095886230e-01,1.675087809562683105e-01
-6.656657159328460693e-02,8.651670217514038086e-01,1.652279794216156006e-01
-6.556557118892669678e-02,8.651462793350219727e-01,1.629947423934936523e-01
-6.456457078456878662e-02,8.651259541511535645e-01,1.608090251684188843e-01
-6.356357038021087646e-02,8.651062250137329102e-01,1.586709469556808472e-01
-6.256256997585296631e-02,8.650869131088256836e-01,1.565804779529571533e-01
-6.156156584620475769e-02,8.650681376457214355e-01,1.545376181602478027e-01
-6.056056544184684753e-02,8.650498390197753906e-01,1.525424569845199585e-01
-5.955956503748893738e-02,8.650320768356323242e-01,1.505949795246124268e-01
-5.855856463313102722e-02,8.650148510932922363e-01,1.486952453851699829e-01
-5.755756422877311707e-02,8.649980425834655762e-01,1.468432098627090454e-01
-5.655656009912490845e-02,8.649818301200866699e-01,1.450389772653579712e-01
-5.555555969476699829e-02,8.649660348892211914e-01,1.432824730873107910e-01
-5.455455929040908813e-02,8.649507761001586914e-01,1.415738016366958618e-01
-5.355355888605117798e-02,8.649359941482543945e-01,1.399129480123519897e-01
-5.255255848169326782e-02,8.649217486381530762e-01,1.382999420166015625e-01
-5.155155807733535767e-02,8.649079203605651855e-01,1.367347538471221924e-01
-5.055055767297744751e-02,8.648946881294250488e-01,1.352174878120422363e-01
-4.954955726861953735e-02,8.648819923400878906e-01,1.337480992078781128e-01
-4.854855686426162720e-02,8.648697137832641602e-01,1.323266178369522095e-01
-4.754755273461341858e-02,8.648579716682434082e-01,1.309530735015869141e-01
-4.654655233025550842e-02,8.648467063903808594e-01,1.296274811029434204e-01
-4.554555192589759827e-02,8.648359179496765137e-01,1.283498108386993408e-01
-4.454455152153968811e-02,8.648256063461303711e-01,1.271201521158218384e-01
-4.354355111718177795e-02,8.648158907890319824e-01,1.259384751319885254e-01
-4.254255071282386780e-02,8.648066520690917969e-01,1.248048022389411926e-01
-4.154155030846595764e-02,8.647978901863098145e-01,1.237191632390022278e-01
-4.054054617881774902e-02,8.647896647453308105e-01,1.226815059781074524e-01
-3.953954577445983887e-02,8.647819757461547852e-01,1.216919124126434326e-01
-3.853854537010192871e-02,8.647747039794921875e-01,1.207503899931907654e-01
-3.753754496574401855e-02,8.647679090499877930e-01,1.198569163680076599e-01
-3.653654456138610840e-02,8.647616505622863770e-01,1.190115287899971008e-01
-3.553554415702819824e-02,8.647559285163879395e-01,1.182142198085784912e-01
-3.453454375267028809e-02,8.647506833076477051e-01,1.174650117754936218e-01
-3.353354334831237793e-02,8.647459149360656738e-01,1.167638897895812988e-01
-3.253254294395446777e-02,8.647416830062866211e-01,1.161108911037445068e-01
-3.153153881430625916e-02,8.647379875183105469e-01,1.155060306191444397e-01
-3.053053840994834900e-02,8.647347688674926758e-01,1.149492561817169189e-01
-2.952953800559043884e-02,8.647319674491882324e-01,1.144406348466873169e-01
-2.852853760123252869e-02,8.647297024726867676e-01,1.139801740646362305e-01
-2.752753347158432007e-02,8.647279739379882812e-01,1.135678589344024658e-01
-2.652653306722640991e-02,8.647267222404479980e-01,1.132036820054054260e-01
-2.552553080022335052e-02,8.647259473800659180e-01,1.128876507282257080e-01
-2.452453039586544037e-02,8.647257685661315918e-01,1.126198023557662964e-01
-2.352352999150753021e-02,8.647260665893554688e-01,1.124001070857048035e-01
-2.252252772450447083e-02,8.647268414497375488e-01,1.122285723686218262e-01
-2.152152732014656067e-02,8.647280931472778320e-01,1.121052056550979614e-01
-2.052052691578865051e-02,8.647298812866210938e-01,1.120300143957138062e-01
-1.951952651143074036e-02,8.647320866584777832e-01,1.120030060410499573e-01
-1.851852610707283020e-02,8.647348284721374512e-01,1.120241433382034302e-01
-1.751752384006977081e-02,8.647381663322448730e-01,1.120934635400772095e-01
-1.651652343571186066e-02,8.647419214248657227e-01,1.122109442949295044e-01
-1.551552303135395050e-02,8.647462129592895508e-01,1.123766154050827026e-01
-1.451452169567346573e-02,8.647509813308715820e-01,1.125904470682144165e-01
-1.351352035999298096e-02,8.647562861442565918e-01,1.128524318337440491e-01
-1.251251995563507080e-02,8.647620081901550293e-01,1.131626069545745850e-01
-1.151151861995458603e-02,8.647683262825012207e-01,1.135209202766418457e-01
-1.051051728427410126e-02,8.647750616073608398e-01,1.139273867011070251e-01
-9.509516879916191101e-03,8.647823333740234375e-01,1.143820211291313171e-01
-8.508515544235706329e-03,8.647901415824890137e-01,1.148847788572311401e-01
-7.507514674216508865e-03,8.647984266281127930e-01,1.154357120394706726e-01
-6.506513804197311401e-03,8.648072481155395508e-01,1.160347610712051392e-01
-5.505512468516826630e-03,8.648164868354797363e-01,1.166819557547569275e-01
-4.504511598497629166e-03,8.648263216018676758e-01,1.173772588372230530e-01
-3.503510728478431702e-03,8.648365736007690430e-01,1.181206703186035156e-01
-2.502509858459234238e-03,8.648473620414733887e-01,1.189121901988983154e-01
-1.501508755609393120e-03,8.648586273193359375e-01,1.197518259286880493e-01
-5.005076527595520020e-04,8.648704290390014648e-01,1.206395328044891357e-01
5.004932172596454620e-04,8.648827672004699707e-01,1.215753108263015747e-01
1.501494087278842926e-03,8.648955225944519043e-01,1.225591674447059631e-01
2.502495422959327698e-03,8.649088144302368164e-01,1.235910728573799133e-01
3.503496292978525162e-03,8.649226427078247070e-01,1.246710196137428284e-01
4.504511598497629166e-03,8.649369478225708008e-01,1.257990300655364990e-01
5.505512468516826630e-03,8.649517297744750977e-01,1.269750148057937622e-01
6.506513804197311401e-03,8.649669885635375977e-01,1.281990408897399902e-01
7.507514674216508865e-03,8.649827837944030762e-01,1.294710338115692139e-01
8.508515544235706329e-03,7.758156396448612213e-03,1.307910233736038208e-01
9.509516879916191101e-03,7.776184473186731339e-03,1.321589797735214233e-01
1.051051728427410126e-02,7.794763892889022827e-03,1.335748732089996338e-01
1.151151861995458603e-02,7.813895121216773987e-03,1.350386887788772583e-01
1.251251995563507080e-02,7.833575829863548279e-03,1.365504264831542969e-01
1.351352129131555557e-02,7.853807881474494934e-03,1.381100267171859741e-01
1.451452169567346573e-02,7.874591276049613953e-03,1.397175788879394531e-01
1.551552303135395050e-02,7.895926013588905334e-03,1.413729190826416016e-01
1.651652343571186066e-02,7.917813025414943695e-03,1.430761516094207764e-01
1.751752570271492004e-02,7.940250448882579803e-03,1.448271870613098145e-01
1.851852610707283020e-02,7.963238283991813660e-03,1.466260254383087158e-01
1.951952651143074036e-02,7.986777462065219879e-03,1.484726667404174805e-01
2.052052691578865051e-02,8.010867983102798462e-03,1.503670364618301392e-01
2.152152732014656067e-02,8.035508915781974792e-03,1.523091793060302734e-01
2.252252958714962006e-02,8.060701191425323486e-03,1.542990356683731079e-01
2.352352999150753021e-02,8.086444810032844543e-03,1.563365757465362549e-01
2.452453039586544037e-02,8.112739771604537964e-03,1.584218144416809082e-01
2.552553266286849976e-02,8.139586076140403748e-03,1.605546772480010986e-01
2.652653306722640991e-02,8.166982792317867279e-03,1.627351790666580200e-01
2.752753347158432007e-02,8.194931782782077789e-03,1.649632751941680908e-01
2.852853573858737946e-02,8.223431184887886047e-03,1.672389507293701172e-01
2.952953614294528961e-02,8.252480067312717438e-03,1.695621758699417114e-01
3.053053840994834900e-02,8.282082155346870422e-03,1.719328910112380981e-01
3.153153881430625916e-02,8.312234655022621155e-03,1.743511408567428589e-01
3.253253921866416931e-02,8.342938497662544250e-03,1.768168509006500244e-01
3.353353962302207947e-02,8.374192751944065094e-03,1.793299913406372070e-01
3.453454375267028809e-02,8.405998349189758301e-03,1.818905323743820190e-01
3.553554415702819824e-02,8.438356220722198486e-03,1.844985038042068481e-01
3.653654456138610840e-02,8.471263572573661804e-03,1.871538013219833374e-01
3.753754496574401855e-02,8.504722267389297485e-03,1.898564100265502930e-01
3.853854537010192871e-02,8.538732305169105530e-03,1.926063299179077148e-01
3.953954577445983887e-02,8.573294617235660553e-03,1.954034417867660522e-01
4.054054990410804749e-02,8.608406409621238708e-03,1.982478499412536621e-01
4.154155030846595764e-02,8.644069544970989227e-03,2.011394649744033813e-01
4.254255071282386780e-02,8.680284023284912109e-03,2.040782272815704346e-01
4.354355111718177795e-02,8.717049844563007355e-03,2.070640921592712402e-01
4.454455152153968811e-02,8.754367008805274963e-03,2.100970745086669922e-01
4.554555192589759827e-02,8.792234584689140320e-03,2.131771147251129150e-01
4.654655233025550842e-02,8.830653503537178040e-03,2.163041830062866211e-01
4.754755645990371704e-02,8.869623765349388123e-03,2.194782793521881104e-01
4.854855686426162720e-02,8.909145370125770569e-03,2.226992845535278320e-01
4.954955726861953735e-02,8.949217386543750763e-03,2.259672582149505615e-01
5.055055767297744751e-02,8.989840745925903320e-03,2.292820811271667480e-01
5.155155807733535767e-02,9.031014516949653625e-03,2.326437532901763916e-01
5.255255848169326782e-02,9.072741493582725525e-03,2.360522001981735229e-01
5.355355888605117798e-02,9.115017019212245941e-03,2.395074963569641113e-01
5.455455929040908813e-02,9.157844819128513336e-03,2.430094480514526367e-01
5.555555969476699829e-02,9.201223962008953094e-03,2.465580701828002930e-01
5.655656382441520691e-02,9.245154447853565216e-03,2.501533925533294678e-01
5.755756422877311707e-02,9.289635345339775085e-03,2.537952959537506104e-01
5.855856463313102722e-02,9.334666654467582703e-03,2.574837803840637207e-01
5.955956503748893738e-02,9.380250237882137299e-03,2.612188458442687988e-01
6.056056544184684753e-02,9.426385164260864258e-03,2.650002837181091309e-01
6.156156584620475769e-02,9.473069570958614349e-03,2.688282728195190430e-01
6.256256997585296631e-02,9.520307183265686035e-03,2.727026045322418213e-01
6.356357038021087646e-02,9.568096138536930084e-03,2.766232490539550781e-01
6.456457078456878662e-02,9.616433642804622650e-03,2.805902957916259766e-01
6.556557118892669678e-02,9.665323421359062195e-03,2.846035063266754150e-01
6.656657159328460693e-02,9.714765474200248718e-03,2.886629998683929443e-01
6.756757199764251709e-02,9.764757007360458374e-03,2.927686274051666260e-01
6.856857240200042725e-02,9.815299883484840393e-03,2.969204783439636230e-01
6.956957280635833740e-02,9.866394102573394775e-03,3.011183142662048340e-01
7.057057321071624756e-02,9.918039664626121521e-03,3.053621649742126465e-01
7.157157361507415771e-02,9.970236569643020630e-03,3.096521198749542236e-01
7.257257401943206787e-02,1.002298388630151749e-02,3.139879107475280762e-01
7.357357442378997803e-02,1.007628254592418671e-02,3.183696568012237549e-01
7.457457482814788818e-02,1.013013254851102829e-02,3.227971494197845459e-01
7.557558268308639526e-02,1.018453296273946762e-02,3.272705078125000000e-01
7.657658308744430542e-02,1.023948471993207932e-02,3.317895829677581787e-01
7.757758349180221558e-02,1.029498968273401260e-02,3.363543748855590820e-01
7.857858389616012573e-02,1.035104319453239441e-02,3.409647941589355469e-01
7.957958430051803589e-02,1.040764804929494858e-02,3.456207513809204102e-01
8.058058470487594604e-02,1.046480424702167511e-02,3.503222763538360596e-01
8.158158510923385620e-02,1.052251271903514862e-02,3.550692796707153320e-01
8.258259296417236328e-02,1.058077160269021988e-02,3.598617315292358398e-01
8.358359336853027344e-02,1.063957996666431427e-02,3.646996021270751953e-01
8.458459377288818359e-02,1.069894153624773026e-02,3.695826828479766846e-01
8.558559417724609375e-02,1.075885351747274399e-02,3.745111525058746338e-01
8.658659458160400391e-02,1.081931684166193008e-02,3.794847428798675537e-01
8.758759498596191406e-02,1.088033057749271393e-02,3.845035433769226074e-01
8.858859539031982422e-02,1.094189658761024475e-02,3.895673155784606934e-01
8.958959579467773438e-02,1.100401300936937332e-02,3.946762979030609131e-01
9.059059619903564453e-02,1.106667984277009964e-02,3.998301327228546143e-01
9.159160405397415161e-02,1.112989895045757294e-02,4.050289690494537354e-01
9.259259700775146484e-02,1.119366846978664398e-02,4.102726578712463379e-01
9.359359741210937500e-02,1.125798933207988739e-02,4.155611395835876465e-01
9.459459781646728516e-02,1.132286060601472855e-02,4.208943843841552734e-01
9.559559822082519531e-02,1.138828322291374207e-02,4.262723922729492188e-01
9.659659862518310547e-02,1.145425718277692795e-02,4.316949546337127686e-01
9.759759902954101562e-02,1.152078248560428619e-02,4.371621012687683105e-01
9.859859943389892578e-02,1.158785913139581680e-02,4.426737129688262939e-01
9.959960728883743286e-02,1.165548712015151978e-02,4.482299685478210449e-01
1.006006076931953430e-01,1.172366458922624588e-02,4.538304507732391357e-01
1.016016080975532532e-01,1.179239526391029358e-02,4.594752788543701172e-01
1.026026085019111633e-01,1.186167541891336441e-02,4.651643633842468262e-01
1.036036089062690735e-01,1.193150691688060760e-02,4.708977341651916504e-01
1.046046093106269836e-01,1.200189068913459778e-02,4.766751527786254883e-01
1.056056097149848938e-01,1.207282487303018570e-02,4.824966788291931152e-01
1.066066175699234009e-01,1.214431039988994598e-02,4.883622825145721436e-01
1.076076179742813110e-01,1.221634633839130402e-02,4.942718744277954102e-01
1.086086109280586243e-01,1.228893268853425980e-02,5.002250075340270996e-01
1.096096113324165344e-01,1.236207038164138794e-02,5.062222480773925781e-01
1.106106117367744446e-01,1.243575941771268845e-02,5.122631788253784180e-01
1.116116121411323547e-01,1.251000165939331055e-02,5.183478593826293945e-01
1.126126125454902649e-01,1.258479245007038116e-02,5.244761109352111816e-01
1.136136129498481750e-01,1.266013551503419876e-02,5.306478738784790039e-01
1.146146208047866821e-01,1.273602992296218872e-02,5.368632674217224121e-01
1.156156212091445923e-01,1.281247474253177643e-02,5.431219339370727539e-01
1.166166216135025024e-01,1.288946997374296188e-02,5.494239330291748047e-01
1.176176220178604126e-01,1.296701747924089432e-02,5.557692646980285645e-01
1.186186224222183228e-01,1.304511539638042450e-02,5.621577501296997070e-01
1.196196228265762329e-01,1.312376372516155243e-02,5.685893893241882324e-01
1.206206232309341431e-01,1.320296525955200195e-02,5.750641226768493652e-01
1.216216236352920532e-01,1.328271627426147461e-02,5.815818309783935547e-01
1.226226240396499634e-01,1.336302049458026886e-02,5.881425142288208008e-01
1.236236318945884705e-01,1.344387419521808624e-02,5.947459340095520020e-01
1.246246322989463806e-01,1.352527923882007599e-02,6.013922095298767090e-01
1.256256401538848877e-01,1.360723562538623810e-02,6.080813407897949219e-01
1.266266405582427979e-01,1.368974335491657257e-02,6.148129701614379883e-01
1.276276409626007080e-01,1.377280056476593018e-02,6.215870976448059082e-01
1.286286413669586182e-01,1.385641098022460938e-02,6.284037828445434570e-01
1.296296417713165283e-01,1.394056994467973709e-02,6.352629065513610840e-01
1.306306421756744385e-01,1.402528118342161179e-02,6.421642303466796875e-01
1.316316425800323486e-01,1.411054469645023346e-02,6.491079330444335938e-01
1.326326429843902588e-01,1.419635862112045288e-02,6.560938358306884766e-01
1.336336433887481689e-01,1.428272295743227005e-02,6.631217598915100098e-01
1.346346437931060791e-01,1.436963956803083420e-02,6.701918840408325195e-01
1.356356441974639893e-01,1.445710659027099609e-02,6.773038506507873535e-01
1.366366446018218994e-01,1.454512495547533035e-02,6.844577193260192871e-01
1.376376450061798096e-01,1.463369280099868774e-02,6.916534900665283203e-01
1.386386454105377197e-01,1.472281385213136673e-02,6.988907456398010254e-01
1.396396458148956299e-01,1.481248624622821808e-02,7.061699628829956055e-01
1.406406462192535400e-01,1.490270812064409256e-02,7.134906053543090820e-01
1.416416466236114502e-01,1.499348133802413940e-02,7.208527326583862305e-01
1.426426470279693604e-01,1.508480589836835861e-02,7.282562255859375000e-01
1.436436474323272705e-01,1.517668087035417557e-02,7.357011437416076660e-01
1.446446478366851807e-01,1.526910811662673950e-02,7.431873679161071777e-01
1.456456482410430908e-01,1.536208670586347580e-02,7.507147789001464844e-01
1.466466486454010010e-01,1.545561570674180984e-02,7.582830190658569336e-01
1.476476490497589111e-01,1.554969698190689087e-02,7.658925652503967285e-01
1.486486494541168213e-01,1.564432680606842041e-02,7.735430002212524414e-01
1.496496498584747314e-01,1.573950983583927155e-02,7.812341451644897461e-01
1.506506502628326416e-01,1.583524420857429504e-02,7.889661192893981934e-01
1.516516506671905518e-01,1.593152806162834167e-02,7.967388033866882324e-01
1.526526510715484619e-01,1.602836325764656067e-02,8.045521378517150879e-01
1.536536514759063721e-01,1.612574979662895203e-02,8.124059438705444336e-01
1.546546518802642822e-01,1.622368767857551575e-02,8.203001618385314941e-01
1.556556522846221924e-01,1.632217690348625183e-02,8.282348513603210449e-01
1.566566675901412964e-01,1.642121933400630951e-02,8.362097740173339844e-01
1.576576679944992065e-01,1.652080938220024109e-02,8.442249298095703125e-01
1.586586683988571167e-01,1.662095263600349426e-02,8.522800803184509277e-01
1.596596688032150269e-01,1.672164723277091980e-02,8.603752851486206055e-01
1.606606692075729370e-01,1.682289130985736847e-02,8.685103654861450195e-01
1.616616696119308472e-01,1.692468672990798950e-02,8.766854405403137207e-01
1.626626700162887573e-01,1.702703163027763367e-02,8.849001526832580566e-01
1.636636704206466675e-01,1.712993159890174866e-02,8.931545019149780273e-01
1.646646708250045776e-01,1.723337918519973755e-02,9.014484286308288574e-01
1.656656712293624878e-01,1.733737811446189880e-02,9.097819924354553223e-01
1.666666716337203979e-01,1.744193211197853088e-02,9.181548953056335449e-01
1.676676720380783081e-01,1.754703186452388763e-02,9.265670776367187500e-01
1.686686724424362183e-01,1.765268668532371521e-02,9.350184798240661621e-01
1.696696728467941284e-01,1.775889098644256592e-02,9.435091614723205566e-01
1.706706732511520386e-01,1.786564663052558899e-02,9.520388245582580566e-01
1.716716736555099487e-01,1.797295175492763519e-02,9.606075286865234375e-01
1.726726740598678589e-01,1.808081194758415222e-02,9.692149162292480469e-01
1.736736744642257690e-01,1.818921789526939392e-02,9.778611660003662109e-01
1.746746748685836792e-01,1.829817891120910645e-02,9.865461587905883789e-01
1.756756752729415894e-01,1.840769127011299133e-02,9.952697157859802246e-01
1.766766756772994995e-01,1.851775310933589935e-02,1.004031896591186523e+00
1.776776760816574097e-01,1.862836442887783051e-02,1.012832522392272949e+00
1.786786764860153198e-01,1.873953081667423248e-02,1.021671295166015625e+00
1.796796768903732300e-01,1.885124482214450836e-02,1.030548572540283203e+00
1.806806921958923340e-01,1.896351203322410583e-02,1.039463877677917480e+00
1.816816926002502441e-01,1.907632872462272644e-02,1.048417091369628906e+00
1.826826930046081543e-01,1.918970048427581787e-02,1.057408452033996582e+00
1.836836934089660645e-01,1.930361986160278320e-02,1.066437482833862305e+00
1.846846938133239746e-01,1.941808871924877167e-02,1.075504779815673828e+00
1.856856942176818848e-01,1.953311264514923096e-02,1.084609389305114746e+00
1.866866946220397949e-01,1.964868605136871338e-02,1.093751549720764160e+00
1.876876950263977051e-01,1.976480707526206970e-02,1.102931380271911621e+00
1.886886954307556152e-01,1.988148503005504608e-02,1.112148523330688477e+00
1.896896958351135254e-01,1.999871060252189636e-02,1.121402740478515625e+00
1.906906962394714355e-01,2.011648938059806824e-02,1.130694389343261719e+00
1.916916966438293457e-01,2.023481950163841248e-02,1.140023350715637207e+00
1.926926970481872559e-01,2.035369537770748138e-02,1.149389266967773438e+00
1.936936974525451660e-01,2.047312632203102112e-02,1.158792018890380859e+00
1.946946978569030762e-01,2.059311047196388245e-02,1.168231487274169922e+00
1.956956982612609863e-01,2.071364223957061768e-02,1.177708029747009277e+00
1.966966986656188965e-01,2.083472535014152527e-02,1.187220931053161621e+00
1.976976990699768066e-01,2.095636352896690369e-02,1.196770429611206055e+00
1.986986994743347168e-01,2.107855118811130524e-02,1.206356525421142578e+00
1.996996998786926270e-01,2.120128646492958069e-02,1.215978622436523438e+00
2.007007002830505371e-01,2.132457494735717773e-02,1.225637316703796387e+00
2.017017006874084473e-01,2.144841477274894714e-02,1.235332012176513672e+00
2.027027010917663574e-01,2.157280407845973969e-02,1.245062947273254395e+00
2.037037014961242676e-01,2.169774845242500305e-02,1.254829525947570801e+00
2.047047019004821777e-01,2.182323858141899109e-02,1.264632225036621094e+00
2.057057023048400879e-01,2.194928377866744995e-02,1.274470686912536621e+00
2.067067027091979980e-01,2.207588031888008118e-02,1.284344553947448730e+00
2.077077031135559082e-01,2.220302447676658630e-02,1.294254422187805176e+00
2.087087035179138184e-01,2.233072370290756226e-02,1.304199457168579102e+00
2.097097039222717285e-01,2.245897427201271057e-02,1.314180016517639160e+00
2.107107043266296387e-01,2.258777245879173279e-02,1.324195742607116699e+00
2.117117047309875488e-01,2.271712198853492737e-02,1.334246397018432617e+00
2.127127200365066528e-01,2.284702658653259277e-02,1.344332814216613770e+00
2.137137204408645630e-01,2.297747880220413208e-02,1.354453802108764648e+00
2.147147208452224731e-01,2.310848236083984375e-02,1.364609479904174805e+00
2.157157212495803833e-01,2.324003726243972778e-02,1.374799966812133789e+00
2.167167216539382935e-01,2.337214350700378418e-02,1.385025262832641602e+00
2.177177220582962036e-01,2.350480109453201294e-02,1.395285129547119141e+00
2.187187224626541138e-01,2.363801002502441406e-02,1.405579447746276855e+00
2.197197228670120239e-01,2.377176843583583832e-02,1.415908098220825195e+00
2.207207232713699341e-01,2.390607818961143494e-02,1.426270842552185059e+00
2.217217236757278442e-01,2.404094114899635315e-02,1.436667919158935547e+00
2.227227240800857544e-01,2.417635545134544373e-02,1.447098970413208008e+00
2.237237244844436646e-01,2.431231923401355743e-02,1.457563996315002441e+00
2.247247248888015747e-01,2.444883249700069427e-02,1.468062996864318848e+00
2.257257252931594849e-01,2.458589896559715271e-02,1.478595733642578125e+00
2.267267256975173950e-01,2.472351491451263428e-02,1.489161968231201172e+00
2.277277261018753052e-01,2.486168406903743744e-02,1.499761819839477539e+00
2.287287265062332153e-01,2.500040456652641296e-02,1.510395169258117676e+00
2.297297269105911255e-01,2.513967454433441162e-02,1.521061658859252930e+00
2.307307273149490356e-01,2.527949586510658264e-02,1.531761527061462402e+00
2.317317277193069458e-01,2.541987039148807526e-02,1.542494416236877441e+00
2.327327281236648560e-01,2.556079067289829254e-02,1.553260445594787598e+00
2.337337285280227661e-01,2.570226788520812988e-02,1.564059257507324219e+00
2.347347289323806763e-01,2.584429457783699036e-02,1.574891209602355957e+00
2.357357293367385864e-01,2.598687075078487396e-02,1.585755586624145508e+00
2.367367446422576904e-01,2.613000012934207916e-02,1.596652746200561523e+00
2.377377450466156006e-01,2.627368271350860596e-02,1.607582449913024902e+00
2.387387454509735107e-01,2.641791105270385742e-02,1.618544220924377441e+00
2.397397458553314209e-01,2.656269446015357971e-02,1.629538536071777344e+00
2.407407462596893311e-01,2.670802548527717590e-02,1.640564799308776855e+00
2.417417466640472412e-01,2.685390785336494446e-02,1.651623129844665527e+00
2.427427470684051514e-01,2.700034342706203461e-02,1.662713766098022461e+00
2.437437474727630615e-01,2.714732848107814789e-02,1.673836112022399902e+00
2.447447478771209717e-01,2.729486487805843353e-02,1.684990048408508301e+00
2.457457482814788818e-01,2.744295261800289154e-02,1.696175813674926758e+00
2.467467486858367920e-01,2.759159170091152191e-02,1.707393050193786621e+00
2.477477490901947021e-01,2.774078585207462311e-02,1.718641757965087891e+00
2.487487494945526123e-01,2.789052389562129974e-02,1.729921579360961914e+00
2.497497498989105225e-01,2.804081700742244720e-02,1.741232991218566895e+00
2.507507503032684326e-01,2.819166146218776703e-02,1.752575397491455078e+00
2.517517507076263428e-01,2.834305725991725922e-02,1.763948798179626465e+00
2.527527511119842529e-01,2.849500253796577454e-02,1.775353074073791504e+00
2.537537515163421631e-01,2.864750102162361145e-02,1.786787986755371094e+00
2.547547519207000732e-01,2.880054712295532227e-02,1.798253774642944336e+00
2.557557523250579834e-01,2.895414829254150391e-02,1.809750318527221680e+00
2.567567527294158936e-01,2.910829707980155945e-02,1.821277260780334473e+00
2.577577531337738037e-01,2.926299907267093658e-02,1.832834243774414062e+00
2.587587535381317139e-01,2.941825054585933685e-02,1.844421744346618652e+00
2.597597539424896240e-01,2.957405522465705872e-02,1.856039404869079590e+00
2.607607543468475342e-01,2.973040938377380371e-02,1.867686867713928223e+00
2.617617547512054443e-01,2.988731488585472107e-02,1.879364609718322754e+00
2.627627551555633545e-01,3.004476986825466156e-02,1.891071677207946777e+00
2.637637555599212646e-01,3.020277991890907288e-02,1.902809023857116699e+00
2.647647559642791748e-01,3.036133944988250732e-02,1.914575576782226562e+00
2.657657563686370850e-01,3.052044846117496490e-02,1.926371812820434570e+00
2.667667567729949951e-01,3.068011067807674408e-02,1.938197612762451172e+00
2.677677571773529053e-01,3.084032610058784485e-02,1.950052499771118164e+00
2.687687575817108154e-01,3.100108541548252106e-02,1.961936354637145996e+00
2.697697579860687256e-01,3.116239979863166809e-02,1.973849534988403320e+00
2.707707583904266357e-01,3.132426738739013672e-02,1.985791563987731934e+00
2.717717587947845459e-01,3.148668259382247925e-02,1.997762560844421387e+00
2.727727591991424561e-01,3.164965286850929260e-02,2.009762048721313477e+00
2.737737596035003662e-01,3.181317076086997986e-02,2.021790504455566406e+00
2.747747600078582764e-01,3.197723999619483948e-02,2.033847332000732422e+00
2.757757604122161865e-01,3.214186429977416992e-02,2.045932292938232422e+00
2.767767906188964844e-01,3.230703622102737427e-02,2.058046340942382812e+00
2.777777910232543945e-01,3.247276321053504944e-02,2.070187807083129883e+00
2.787787914276123047e-01,3.263903409242630005e-02,2.082357645034790039e+00
2.797797918319702148e-01,3.280586376786231995e-02,2.094555616378784180e+00
2.807807922363281250e-01,3.297323733568191528e-02,2.106780767440795898e+00
2.817817926406860352e-01,3.314116597175598145e-02,2.119034051895141602e+00
2.827827930450439453e-01,3.330964595079421997e-02,2.131314992904663086e+00
2.837837934494018555e-01,3.347867354750633240e-02,2.143623828887939453e+00
2.847847938537597656e-01,3.364825993776321411e-02,2.155959606170654297e+00
2.857857942581176758e-01,3.381838649511337280e-02,2.168322801589965820e+00
2.867867946624755859e-01,3.398907184600830078e-02,2.180713176727294922e+00
2.877877950668334961e-01,3.416030853986740112e-02,2.193130493164062500e+00
2.887887954711914062e-01,3.433209285140037537e-02,2.205574989318847656e+00
2.897897958755493164e-01,3.450443223118782043e-02,2.218046188354492188e+00
2.907907962799072266e-01,3.467731922864913940e-02,2.230544328689575195e+00
2.917917966842651367e-01,3.485075756907463074e-02,2.243068933486938477e+00
2.927927970886230469e-01,3.502474725246429443e-02,2.255620002746582031e+00
2.937937974929809570e-01,3.519928827881813049e-02,2.268197774887084961e+00
2.947947978973388672e-01,3.537438064813613892e-02,2.280801773071289062e+00
2.957957983016967773e-01,3.555002063512802124e-02,2.293431997299194336e+00
2.967967987060546875e-01,3.572621569037437439e-02,2.306087970733642578e+00
2.977977991104125977e-01,3.590296208858489990e-02,2.318770408630371094e+00
2.987987995147705078e-01,3.608025982975959778e-02,2.331478118896484375e+00
2.997997999191284180e-01,3.625810518860816956e-02,2.344212293624877930e+00
3.008008003234863281e-01,3.643650561571121216e-02,2.356971740722656250e+00
3.018018007278442383e-01,3.661545366048812866e-02,2.369756937026977539e+00
3.028028011322021484e-01,3.679495304822921753e-02,2.382566928863525391e+00
3.038038015365600586e-01,3.697500750422477722e-02,2.395402908325195312e+00
3.048048019409179688e-01,3.715560957789421082e-02,2.408263683319091797e+00
3.058058023452758789e-01,3.733676299452781677e-02,2.421149253845214844e+00
3.068068027496337891e-01,3.751846775412559509e-02,2.434060811996459961e+00
3.078078031539916992e-01,3.770072758197784424e-02,2.446996212005615234e+00
3.088088035583496094e-01,3.788353502750396729e-02,2.459956884384155273e+00
3.098098039627075195e-01,3.806689381599426270e-02,2.472942352294921875e+00
3.108108043670654297e-01,3.825080394744873047e-02,2.485951900482177734e+00
3.118118047714233398e-01,3.843526169657707214e-02,2.498986005783081055e+00
3.128128051757812500e-01,3.862027451395988464e-02,2.512044668197631836e+00
3.138138055801391602e-01,3.880583867430686951e-02,2.525127172470092773e+00
3.148148059844970703e-01,3.899195045232772827e-02,2.538234233856201172e+00
3.158158063888549805e-01,8.149632215499877930e-01,2.551364898681640625e+00
3.168168067932128906e-01,8.151459693908691406e-01,2.564519405364990234e+00
3.178178071975708008e-01,1.598953962326049805e+00,2.577697753906250000e+00
3.188188076019287109e-01,1.599133729934692383e+00,2.590899705886840820e+00
3.198198080062866211e-01,1.599313735961914062e+00,2.604125022888183594e+00
3.208208084106445312e-01,1.599494695663452148e+00,2.617374181747436523e+00
3.218218088150024414e-01,1.599676132202148438e+00,2.630645990371704102e+00
3.228228092193603516e-01,1.599858283996582031e+00,2.643941879272460938e+00
3.238238096237182617e-01,1.600041031837463379e+00,2.657260179519653320e+00
3.248248398303985596e-01,1.600224494934082031e+00,2.670602083206176758e+00
3.258258402347564697e-01,1.600408554077148438e+00,2.683966398239135742e+00
3.268268406391143799e-01,1.600593328475952148e+00,2.697353363037109375e+00
3.278278410434722900e-01,1.600778818130493164e+00,2.710763216018676758e+00
3.288288414478302002e-01,1.600964784622192383e+00,2.724195718765258789e+00
3.298298418521881104e-01,1.601151466369628906e+00,2.737650394439697266e+00
3.308308422565460205e-01,1.601338744163513184e+00,2.751127243041992188e+00
3.318318426609039307e-01,1.601526856422424316e+00,2.764626264572143555e+00
3.328328430652618408e-01,1.601715326309204102e+00,2.778146982192993164e+00
3.338338434696197510e-01,1.601904630661010742e+00,2.791690826416015625e+00
3.348348438739776611e-01,1.602094650268554688e+00,2.805255889892578125e+00
3.358358442783355713e-01,1.602285146713256836e+00,2.818842887878417969e+00
3.368368446826934814e-01,1.602476477622985840e+00,2.832451105117797852e+00
3.378378450870513916e-01,1.602668404579162598e+00,2.846081018447875977e+00
3.388388454914093018e-01,1.602861046791076660e+00,2.859732389450073242e+00
3.398398458957672119e-01,1.603054285049438477e+00,2.873405218124389648e+00
3.408408463001251221e-01,1.603248000144958496e+00,2.887099027633666992e+00
3.418418467044830322e-01,1.603442430496215820e+00,2.900814056396484375e+00
3.428428471088409424e-01,1.603637456893920898e+00,2.914550304412841797e+00
3.438438475131988525e-01,1.603833556175231934e+00,2.928307056427001953e+00
3.448448479175567627e-01,1.604029893875122070e+00,2.942084550857543945e+00
3.458458483219146729e-01,1.604227066040039062e+00,2.955882549285888672e+00
3.468468487262725830e-01,1.604424834251403809e+00,2.969701528549194336e+00
3.478478491306304932e-01,1.604623198509216309e+00,2.983540773391723633e+00
3.488488495349884033e-01,1.604822397232055664e+00,2.997400522232055664e+00
3.498498499393463135e-01,1.605022072792053223e+00,3.011280059814453125e+00
3.508508503437042236e-01,1.605222344398498535e+00,3.025179386138916016e+00
3.518518507480621338e-01,1.605423331260681152e+00,3.039099931716918945e+00
3.528528511524200439e-01,1.605625152587890625e+00,3.053039550781250000e+00
3.538538515567779541e-01,1.605827331542968750e+00,3.066998720169067383e+00
3.548548519611358643e-01,1.606030225753784180e+00,3.080978155136108398e+00
3.558558523654937744e-01,1.606233954429626465e+00,3.094976425170898438e+00
3.568568527698516846e-01,1.606438279151916504e+00,3.108994245529174805e+00
3.578578531742095947e-01,1.606643080711364746e+00,3.123031854629516602e+00
3.588588535785675049e-01,1.606848716735839844e+00,3.137088537216186523e+00
3.598598539829254150e-01,1.607055068016052246e+00,3.151164054870605469e+00
3.608608543872833252e-01,1.607261896133422852e+00,3.165258884429931641e+00
3.618618547916412354e-01,1.607469320297241211e+00,3.179372072219848633e+00
3.628628551959991455e-01,1.607677698135375977e+00,3.193504571914672852e+00
3.638638556003570557e-01,1.607886552810668945e+00,3.207655906677246094e+00
3.648648560047149658e-01,1.608095884323120117e+00,3.221825599670410156e+00
3.658658564090728760e-01,1.608305931091308594e+00,3.236013412475585938e+00
3.668668568134307861e-01,1.608516931533813477e+00,3.250219821929931641e+00
3.678678572177886963e-01,1.608728170394897461e+00,3.264444589614868164e+00
3.688688576221466064e-01,1.608940362930297852e+00,3.278687000274658203e+00
3.698698580265045166e-01,1.609153151512145996e+00,3.292948007583618164e+00
3.708708584308624268e-01,1.609366416931152344e+00,3.307226419448852539e+00
3.718718588352203369e-01,1.609580397605895996e+00,3.321522951126098633e+00
3.728728890419006348e-01,1.609795212745666504e+00,3.335837602615356445e+00
3.738738894462585449e-01,1.610010504722595215e+00,3.350168943405151367e+00
3.748748898506164551e-01,1.610226392745971680e+00,3.364518404006958008e+00
3.758758902549743652e-01,1.610443115234375000e+00,3.378885269165039062e+00
3.768768906593322754e-01,1.610660552978515625e+00,3.393268585205078125e+00
3.778778910636901855e-01,1.610878348350524902e+00,3.407669782638549805e+00
3.788788914680480957e-01,1.611096978187561035e+00,3.422087669372558594e+00
3.798798918724060059e-01,1.611316323280334473e+00,3.436522722244262695e+00
3.808808922767639160e-01,1.611536264419555664e+00,3.450974464416503906e+00
3.818818926811218262e-01,1.611756682395935059e+00,3.465443134307861328e+00
3.828828930854797363e-01,1.611977934837341309e+00,3.479928255081176758e+00
3.838838934898376465e-01,1.612200021743774414e+00,3.494429826736450195e+00
3.848848938941955566e-01,1.612422347068786621e+00,3.508947610855102539e+00
3.858858942985534668e-01,1.612645506858825684e+00,3.523481845855712891e+00
3.868868947029113770e-01,1.612869262695312500e+00,3.538032531738281250e+00
3.878878951072692871e-01,1.613093733787536621e+00,3.552599430084228516e+00
3.888888955116271973e-01,1.613318800926208496e+00,3.567181825637817383e+00
3.898898959159851074e-01,1.613544821739196777e+00,3.581780433654785156e+00
3.908908963203430176e-01,1.613771080970764160e+00,3.596394300460815430e+00
3.918918967247009277e-01,1.613998174667358398e+00,3.611023902893066406e+00
3.928928971290588379e-01,1.614225983619689941e+00,3.625669479370117188e+00
3.938938975334167480e-01,1.614454269409179688e+00,3.640330791473388672e+00
3.948948979377746582e-01,1.614683389663696289e+00,3.655006408691406250e+00
3.958958983421325684e-01,1.614912986755371094e+00,3.669697761535644531e+00
3.968968987464904785e-01,1.615143418312072754e+00,3.684404134750366211e+00
3.978978991508483887e-01,1.615374326705932617e+00,3.699126005172729492e+00
3.988988995552062988e-01,1.615605950355529785e+00,3.713862419128417969e+00
3.998998999595642090e-01,1.615838289260864258e+00,3.728613615036010742e+00
4.009009003639221191e-01,1.616071105003356934e+00,3.743379592895507812e+00
4.019019007682800293e-01,1.616304636001586914e+00,3.758159875869750977e+00
4.029029011726379395e-01,1.616539001464843750e+00,3.772955179214477539e+00
4.039039015769958496e-01,1.616773843765258789e+00,3.787764549255371094e+00
4.049049019813537598e-01,1.617009401321411133e+00,3.802587985992431641e+00
4.059059023857116699e-01,1.617245435714721680e+00,3.817426204681396484e+00
4.069069027900695801e-01,1.617482423782348633e+00,3.832278251647949219e+00
4.079079031944274902e-01,1.617720007896423340e+00,3.847144126892089844e+00
4.089089035987854004e-01,1.617958068847656250e+00,3.862023830413818359e+00
4.099099040031433105e-01,1.618196845054626465e+00,3.876917839050292969e+00
4.109109044075012207e-01,2.392518520355224609e+00,3.891825437545776367e+00
4.119119048118591309e-01,2.392761707305908203e+00,3.906745910644531250e+00
4.129129052162170410e-01,2.393005609512329102e+00,3.921679735183715820e+00
4.139139056205749512e-01,2.393249988555908203e+00,3.936627388000488281e+00
4.149149060249328613e-01,2.393495321273803711e+00,3.951588869094848633e+00
4.159159064292907715e-01,2.393741130828857422e+00,3.966562986373901367e+00
4.169169068336486816e-01,2.393987894058227539e+00,3.981549978256225586e+00
4.179179072380065918e-01,2.394235134124755859e+00,3.996550083160400391e+00
4.189189076423645020e-01,2.394483089447021484e+00,4.011562824249267578e+00
4.199199080467224121e-01,2.394731760025024414e+00,4.026588439941406250e+00
4.209209084510803223e-01,2.394981145858764648e+00,4.041626453399658203e+00
4.219219088554382324e-01,2.395231246948242188e+00,4.056677341461181641e+00
4.229229092597961426e-01,2.395482301712036133e+00,4.071740627288818359e+00
4.239239096641540527e-01,2.395733594894409180e+00,4.086816310882568359e+00
4.249249100685119629e-01,2.395985841751098633e+00,4.101903915405273438e+00
4.259259104728698730e-01,2.396238803863525391e+00,4.117003917694091797e+00
4.269269108772277832e-01,2.396492481231689453e+00,4.132115840911865234e+00
4.279279112815856934e-01,2.396746635437011719e+00,4.147239685058593750e+00
4.289289414882659912e-01,2.397001743316650391e+00,4.162375926971435547e+00
4.299299418926239014e-01,2.397257566452026367e+00,4.177523612976074219e+00
4.309309422969818115e-01,2.397513866424560547e+00,4.192682266235351562e+00
4.319319427013397217e-01,2.397770881652832031e+00,4.207853317260742188e+00
4.329329431056976318e-01,2.398028850555419922e+00,4.223035335540771484e+00
4.339339435100555420e-01,2.398287296295166016e+00,4.238228321075439453e+00
4.349349439144134521e-01,2.398546695709228516e+00,4.253433227539062500e+00
4.359359443187713623e-01,2.398806333541870117e+00,4.268649578094482422e+00
4.369369447231292725e-01,2.399067163467407227e+00,4.283875942230224609e+00
4.379379451274871826e-01,2.399328708648681641e+00,4.299113273620605469e+00
4.389389455318450928e-01,2.399590492248535156e+00,4.314362049102783203e+00
4.399399459362030029e-01,2.399853229522705078e+00,4.329621315002441406e+00
4.409409463405609131e-01,2.400116682052612305e+00,4.344891071319580078e+00
4.419419467449188232e-01,2.400380849838256836e+00,4.360171318054199219e+00
4.429429471492767334e-01,2.400645732879638672e+00,4.375462532043457031e+00
4.439439475536346436e-01,2.400911331176757812e+00,4.390763759613037109e+00
4.449449479579925537e-01,2.401177406311035156e+00,4.406075000762939453e+00
4.459459483623504639e-01,2.401444196701049805e+00,4.421396255493164062e+00
4.469469487667083740e-01,2.401711940765380859e+00,4.436728954315185547e+00
4.479479491710662842e-01,2.401980400085449219e+00,4.452070236206054688e+00
4.489489495754241943e-01,2.402249574661254883e+00,4.467421531677246094e+00
4.499499499797821045e-01,2.402519226074218750e+00,4.482782363891601562e+00
4.509509503841400146e-01,2.402789592742919922e+00,4.498153686523437500e+00
4.519519507884979248e-01,2.403060674667358398e+00,4.513534069061279297e+00
4.529529511928558350e-01,2.403332471847534180e+00,4.528924465179443359e+00
4.539539515972137451e-01,2.403604984283447266e+00,4.544322967529296875e+00
4.549549520015716553e-01,2.403878450393676758e+00,4.559731483459472656e+00
4.559559524059295654e-01,2.404152393341064453e+00,4.575150012969970703e+00
4.569569528102874756e-01,2.404427051544189453e+00,4.590576171875000000e+00
4.579579532146453857e-01,2.404702425003051758e+00,4.606012344360351562e+00
4.589589536190032959e-01,2.404978275299072266e+00,4.621456623077392578e+00
4.599599540233612061e-01,2.405255079269409180e+00,4.636910438537597656e+00
4.609609544277191162e-01,2.405532598495483398e+00,4.652372837066650391e+00
4.619619548320770264e-01,2.405810832977294922e+00,4.667844295501708984e+00
4.629629552364349365e-01,2.406089782714843750e+00,4.683322906494140625e+00
4.639639556407928467e-01,2.406369209289550781e+00,4.698811054229736328e+00
4.649649560451507568e-01,2.406649589538574219e+00,4.714306831359863281e+00
4.659659564495086670e-01,2.406930446624755859e+00,4.729811191558837891e+00
4.669669568538665771e-01,2.407212018966674805e+00,4.745324611663818359e+00
4.679679572582244873e-01,2.407494544982910156e+00,4.760845184326171875e+00
4.689689576625823975e-01,2.407777786254882812e+00,4.776373386383056641e+00
4.699699580669403076e-01,2.408061504364013672e+00,4.791910171508789062e+00
4.709709584712982178e-01,2.408345699310302734e+00,4.807453632354736328e+00
4.719719588756561279e-01,2.408630847930908203e+00,4.823006153106689453e+00
4.729729592800140381e-01,2.408916950225830078e+00,4.838565349578857422e+00
4.739739596843719482e-01,2.409203290939331055e+00,4.854132175445556641e+00
4.749749600887298584e-01,2.409490823745727539e+00,4.869706630706787109e+00
4.759759604930877686e-01,2.409778833389282227e+00,4.885288238525390625e+00
4.769769906997680664e-01,2.410067319869995117e+00,4.900877475738525391e+00
4.779779911041259766e-01,2.410356998443603516e+00,4.916472911834716797e+00
4.789789915084838867e-01,2.410646915435791016e+00,4.932076930999755859e+00
4.799799919128417969e-01,2.410937786102294922e+00,4.947686672210693359e+00
4.809809923171997070e-01,2.411229372024536133e+00,4.963303089141845703e+00
4.819819927215576172e-01,2.411521434783935547e+00,4.978927135467529297e+00
4.829829931259155273e-01,2.411814212799072266e+00,4.994557380676269531e+00
4.839839935302734375e-01,2.412107944488525391e+00,5.010194778442382812e+00
4.849849939346313477e-01,2.412402391433715820e+00,5.025837898254394531e+00
4.859859943389892578e-01,2.412697315216064453e+00,5.041487216949462891e+00
4.869869947433471680e-01,2.412992954254150391e+00,5.057144165039062500e+00
4.879879951477050781e-01,2.413289308547973633e+00,5.072806835174560547e+00
4.889889955520629883e-01,2.413586378097534180e+00,5.088474273681640625e+00
4.899899959564208984e-01,2.413884162902832031e+00,5.104149818420410156e+00
4.909909963607788086e-01,2.414182662963867188e+00,5.119829654693603516e+00
4.919919967651367188e-01,2.414481878280639648e+00,5.135517120361328125e+00
4.929929971694946289e-01,2.414782047271728516e+00,5.151208877563476562e+00
4.939939975738525391e-01,2.415082454681396484e+00,5.166906833648681641e+00
4.949949979782104492e-01,2.415383815765380859e+00,5.182610511779785156e+00
4.959959983825683594e-01,2.415685892105102539e+00,5.198319435119628906e+00
4.969969987869262695e-01,2.415988445281982422e+00,5.214034080505371094e+00
4.979979991912841797e-01,2.416291952133178711e+00,5.229753971099853516e+00
4.989989995956420898e-01,2.416595935821533203e+00,5.245479106903076172e+00
5.000000000000000000e-01,2.416900873184204102e+00,5.261209487915039062e+00
